{
  "model": "BAAI/bge-m3",
  "device": "cuda",
  "corpus_size": 258,
  "embedding_dim": 1024,
  "recall_at_1": 0.9728682170542635,
  "recall_at_5": 1.0,
  "recall_at_10": 1.0,
  "mrr": 0.9864341085271318,
  "corpus_encode_seconds": 20.928135972999826,
  "corpus_encode_throughput": 12.327901554770836,
  "query_latency_p50_ms": 18.8190825001584,
  "query_latency_p95_ms": 36.07181900042633,
  "query_latency_mean_ms": 20.468102300019382,
  "vram_peak_mb": 3051.4228515625,
  "model_disk_size_mb": 2187.091467857361,
  "max_seq_length": 2048,
  "truncated_bodies": 8,
  "truncated_queries": 0,
  "batch_size": 8,
  "warmup_iters": 20,
  "measure_iters": 100,
  "extras": {
    "load_seconds": 56.85715143899961,
    "query_encode_seconds": 3.3224344180002845
  }
}
