{
  "model": "BAAI/bge-code-v1",
  "device": "cuda",
  "corpus_size": 258,
  "embedding_dim": 1536,
  "recall_at_1": 0.9883720930232558,
  "recall_at_5": 1.0,
  "recall_at_10": 1.0,
  "mrr": 0.9941860465116279,
  "corpus_encode_seconds": 53.89208825900005,
  "corpus_encode_throughput": 4.787344642502578,
  "query_latency_p50_ms": 60.793324500082235,
  "query_latency_p95_ms": 118.73977999994167,
  "query_latency_mean_ms": 62.37429991001136,
  "vram_peak_mb": 7993.61767578125,
  "model_disk_size_mb": 5902.451500892639,
  "max_seq_length": 2048,
  "truncated_bodies": 8,
  "truncated_queries": 0,
  "batch_size": 8,
  "warmup_iters": 20,
  "measure_iters": 100,
  "extras": {
    "load_seconds": 162.24910929299995,
    "query_encode_seconds": 11.360705212000084
  }
}
