{
  "model": "jinaai/jina-embeddings-v2-base-code",
  "device": "cuda",
  "corpus_size": 258,
  "embedding_dim": 768,
  "recall_at_1": 0.9767441860465116,
  "recall_at_5": 1.0,
  "recall_at_10": 1.0,
  "mrr": 0.9883720930232558,
  "corpus_encode_seconds": 8.941565070000252,
  "corpus_encode_throughput": 28.85400911140411,
  "query_latency_p50_ms": 8.718045000023267,
  "query_latency_p95_ms": 18.70720600027198,
  "query_latency_mean_ms": 9.633656859996336,
  "vram_peak_mb": 5662.2294921875,
  "model_disk_size_mb": 310.2390422821045,
  "max_seq_length": 2048,
  "truncated_bodies": 8,
  "truncated_queries": 0,
  "batch_size": 8,
  "warmup_iters": 20,
  "measure_iters": 100,
  "extras": {
    "load_seconds": 8.032659291999607,
    "query_encode_seconds": 1.420330515000387
  }
}
